event_id,type,value,comment
0,ip-dst,115.51.241.2,
0,ip-dst,115.51.247.197,
0,ip-dst,115.51.25.115,
0,ip-dst,115.51.250.147,
0,ip-dst,115.51.28.40,
0,ip-dst,115.51.28.92,
0,ip-dst,115.51.29.151,
0,ip-dst,115.51.3.219,
0,ip-dst,115.51.32.130,
0,ip-dst,115.51.32.223,
0,ip-dst,115.51.33.172,
0,ip-dst,115.51.33.51,
0,ip-dst,115.51.34.121,
0,ip-dst,115.51.36.247,
0,ip-dst,115.51.36.42,
0,ip-dst,115.51.42.179,
0,ip-dst,115.51.42.37,
0,ip-dst,115.51.45.226,
0,ip-dst,115.51.46.23,
0,ip-dst,115.51.59.165,
0,ip-dst,115.51.59.193,
0,ip-dst,115.51.6.230,
0,ip-dst,115.51.61.225,
0,ip-dst,115.51.7.219,
0,ip-dst,115.51.7.4,
0,ip-dst,115.51.91.112,
0,ip-dst,115.51.93.74,
0,ip-dst,115.51.94.138,
0,ip-dst,115.51.94.66,
0,ip-dst,115.51.96.55,
0,ip-dst,115.51.96.87,
0,ip-dst,115.51.97.150,
0,ip-dst,115.51.97.166,
0,ip-dst,115.51.97.189,
0,ip-dst,115.51.97.43,
0,ip-dst,115.51.99.93,
0,ip-dst,115.52.0.167,
0,ip-dst,115.52.0.226,
0,ip-dst,115.52.0.47,
0,ip-dst,115.52.0.55,
0,ip-dst,115.52.1.24,
0,ip-dst,115.52.105.119,
0,ip-dst,115.52.111.16,
0,ip-dst,115.52.119.139,
0,ip-dst,115.52.119.182,
0,ip-dst,115.52.122.241,
0,ip-dst,115.52.123.127,
0,ip-dst,115.52.149.230,
0,ip-dst,115.52.150.196,
0,ip-dst,115.52.151.213,
0,ip-dst,115.52.16.175,
0,ip-dst,115.52.16.32,
0,ip-dst,115.52.160.185,
0,ip-dst,115.52.160.200,
0,ip-dst,115.52.162.81,
0,ip-dst,115.52.175.138,
0,ip-dst,115.52.175.203,
0,ip-dst,115.52.176.225,
0,ip-dst,115.52.176.30,
0,ip-dst,115.52.177.202,
0,ip-dst,115.52.179.174,
0,ip-dst,115.52.179.246,
0,ip-dst,115.52.18.236,
0,ip-dst,115.52.18.44,
0,ip-dst,115.52.188.122,
0,ip-dst,115.52.188.156,
0,ip-dst,115.52.188.250,
0,ip-dst,115.52.189.114,
0,ip-dst,115.52.19.224,
0,ip-dst,115.52.19.241,
0,ip-dst,115.52.190.71,
0,ip-dst,115.52.191.229,
0,ip-dst,115.52.2.6,
0,ip-dst,115.52.2.94,
0,ip-dst,115.52.20.141,
0,ip-dst,115.52.20.22,
0,ip-dst,115.52.20.80,
0,ip-dst,115.52.21.159,
0,ip-dst,115.52.21.32,
0,ip-dst,115.52.22.158,
0,ip-dst,115.52.22.22,
0,ip-dst,115.52.22.49,
0,ip-dst,115.52.23.61,
0,ip-dst,115.52.23.79,
0,ip-dst,115.52.235.49,
0,ip-dst,115.52.237.25,
0,ip-dst,115.52.239.140,
0,ip-dst,115.52.24.158,
0,ip-dst,115.52.24.197,
0,ip-dst,115.52.24.82,
0,ip-dst,115.52.240.179,
0,ip-dst,115.52.240.229,
0,ip-dst,115.52.240.46,
0,ip-dst,115.52.240.7,
0,ip-dst,115.52.241.206,
0,ip-dst,115.52.241.43,
0,ip-dst,115.52.241.65,
0,ip-dst,115.52.242.172,
0,ip-dst,115.52.242.180,
0,ip-dst,115.52.243.104,
0,ip-dst,115.52.243.161,
0,ip-dst,115.52.243.77,
0,ip-dst,115.52.243.8,
0,ip-dst,115.52.244.225,
0,ip-dst,115.52.244.49,
0,ip-dst,115.52.244.50,
0,ip-dst,115.52.244.84,
0,ip-dst,115.52.245.101,
0,ip-dst,115.52.245.11,
0,ip-dst,115.52.248.207,
0,ip-dst,115.52.25.122,
0,ip-dst,115.52.25.124,
0,ip-dst,115.52.25.164,
0,ip-dst,115.52.25.175,
0,ip-dst,115.52.25.205,
0,ip-dst,115.52.25.214,
0,ip-dst,115.52.25.87,
0,ip-dst,115.52.253.123,
0,ip-dst,115.52.26.109,
0,ip-dst,115.52.26.151,
0,ip-dst,115.52.26.156,
0,ip-dst,115.52.26.179,
0,ip-dst,115.52.27.127,
0,ip-dst,115.52.27.155,
0,ip-dst,115.52.27.162,
0,ip-dst,115.52.27.90,
0,ip-dst,115.52.28.190,
0,ip-dst,115.52.28.194,
0,ip-dst,115.52.28.202,
0,ip-dst,115.52.28.237,
0,ip-dst,115.52.29.184,
0,ip-dst,115.52.29.93,
0,ip-dst,115.52.3.169,
0,ip-dst,115.52.3.245,
0,ip-dst,115.52.30.115,
0,ip-dst,115.52.31.36,
0,ip-dst,115.52.4.107,
0,ip-dst,115.52.4.37,
0,ip-dst,115.52.40.34,
0,ip-dst,115.52.42.28,
0,ip-dst,115.52.5.106,
0,ip-dst,115.52.5.108,
0,ip-dst,115.52.5.163,
0,ip-dst,115.52.5.81,
0,ip-dst,115.52.6.155,
0,ip-dst,115.52.6.156,
0,ip-dst,115.52.66.167,
0,ip-dst,115.52.66.241,
0,ip-dst,115.52.68.32,
0,ip-dst,115.52.69.69,
0,ip-dst,115.52.7.103,
0,ip-dst,115.52.7.175,
0,ip-dst,115.52.7.230,
0,ip-dst,115.52.70.155,
0,ip-dst,115.52.70.27,
0,ip-dst,115.52.82.64,
0,ip-dst,115.52.83.248,
0,ip-dst,115.52.83.35,
0,ip-dst,115.53.192.101,
0,ip-dst,115.53.192.94,
0,ip-dst,115.53.193.126,
0,ip-dst,115.53.193.145,
0,ip-dst,115.53.193.187,
0,ip-dst,115.53.194.139,
0,ip-dst,115.53.194.160,
0,ip-dst,115.53.194.183,
0,ip-dst,115.53.195.233,
0,ip-dst,115.53.196.223,
0,ip-dst,115.53.196.87,
0,ip-dst,115.53.197.183,
0,ip-dst,115.53.197.216,
0,ip-dst,115.53.197.39,
0,ip-dst,115.53.197.49,
0,ip-dst,115.53.198.145,
0,ip-dst,115.53.198.47,
0,ip-dst,115.53.199.227,
0,ip-dst,115.53.200.10,
0,ip-dst,115.53.201.125,
0,ip-dst,115.53.201.200,
0,ip-dst,115.53.201.207,
0,ip-dst,115.53.201.41,
0,ip-dst,115.53.202.1,
0,ip-dst,115.53.202.129,
0,ip-dst,115.53.203.159,
0,ip-dst,115.53.203.169,
0,ip-dst,115.53.203.220,
0,ip-dst,115.53.203.235,
0,ip-dst,115.53.216.62,
0,ip-dst,115.53.216.69,
0,ip-dst,115.53.217.207,
0,ip-dst,115.53.217.223,
0,ip-dst,115.53.218.28,
0,ip-dst,115.53.218.53,
0,ip-dst,115.53.220.19,
0,ip-dst,115.53.220.246,
0,ip-dst,115.53.220.249,
0,ip-dst,115.53.220.53,
0,ip-dst,115.53.220.8,
0,ip-dst,115.53.222.242,
0,ip-dst,115.53.222.48,
0,ip-dst,115.53.223.146,
0,ip-dst,115.53.223.17,
0,ip-dst,115.53.223.214,
0,ip-dst,115.53.223.32,
0,ip-dst,115.53.223.65,
0,ip-dst,115.53.223.81,
0,ip-dst,115.53.223.86,
0,ip-dst,115.53.223.9,
0,ip-dst,115.53.223.93,
0,ip-dst,115.53.223.94,
0,ip-dst,115.53.233.236,
0,ip-dst,115.53.235.190,
0,ip-dst,115.53.236.201,
0,ip-dst,115.53.237.95,
0,ip-dst,115.53.241.190,
0,ip-dst,115.53.242.225,
0,ip-dst,115.53.244.114,
0,ip-dst,115.53.246.100,
0,ip-dst,115.53.247.83,
0,ip-dst,115.53.25.163,
0,ip-dst,115.53.26.44,
0,ip-dst,115.53.44.148,
0,ip-dst,115.53.52.22,
0,ip-dst,115.53.53.216,
0,ip-dst,115.54.101.108,
0,ip-dst,115.54.104.81,
0,ip-dst,115.54.107.149,
0,ip-dst,115.54.107.252,
0,ip-dst,115.54.108.178,
0,ip-dst,115.54.111.1,
0,ip-dst,115.54.112.90,
0,ip-dst,115.54.115.192,
0,ip-dst,115.54.116.40,
0,ip-dst,115.54.118.160,
0,ip-dst,115.54.120.152,
0,ip-dst,115.54.120.239,
0,ip-dst,115.54.120.65,
0,ip-dst,115.54.121.245,
0,ip-dst,115.54.122.202,
0,ip-dst,115.54.123.1,
0,ip-dst,115.54.123.213,
0,ip-dst,115.54.123.84,
0,ip-dst,115.54.124.164,
0,ip-dst,115.54.124.187,
0,ip-dst,115.54.124.95,
0,ip-dst,115.54.126.1,
0,ip-dst,115.54.126.101,
0,ip-dst,115.54.126.216,
0,ip-dst,115.54.128.134,
0,ip-dst,115.54.130.50,
0,ip-dst,115.54.130.73,
0,ip-dst,115.54.144.221,
0,ip-dst,115.54.145.20,
0,ip-dst,115.54.145.26,
0,ip-dst,115.54.147.233,
0,ip-dst,115.54.149.17,
0,ip-dst,115.54.149.205,
0,ip-dst,115.54.149.24,
0,ip-dst,115.54.149.34,
0,ip-dst,115.54.149.8,
0,ip-dst,115.54.150.34,
0,ip-dst,115.54.152.92,
0,ip-dst,115.54.154.150,
0,ip-dst,115.54.155.207,
0,ip-dst,115.54.156.126,
0,ip-dst,115.54.156.132,
0,ip-dst,115.54.159.47,
0,ip-dst,115.54.161.180,
0,ip-dst,115.54.163.139,
0,ip-dst,115.54.164.13,
0,ip-dst,115.54.166.188,
0,ip-dst,115.54.166.189,
0,ip-dst,115.54.166.218,
0,ip-dst,115.54.169.214,
0,ip-dst,115.54.170.53,
0,ip-dst,115.54.171.187,
0,ip-dst,115.54.171.82,
0,ip-dst,115.54.181.19,
0,ip-dst,115.54.181.212,
0,ip-dst,115.54.183.4,
0,ip-dst,115.54.186.142,
0,ip-dst,115.54.191.137,
0,ip-dst,115.54.217.248,
0,ip-dst,115.54.228.28,
0,ip-dst,115.54.237.40,
0,ip-dst,115.54.238.18,
0,ip-dst,115.54.238.19,
0,ip-dst,115.54.238.66,
0,ip-dst,115.54.238.88,
0,ip-dst,115.54.67.2,
0,ip-dst,115.54.76.248,
0,ip-dst,115.54.97.175,
0,ip-dst,115.54.97.45,
0,ip-dst,115.54.97.9,
0,ip-dst,115.54.98.14,
0,ip-dst,115.54.99.11,
0,ip-dst,115.55.10.118,
0,ip-dst,115.55.10.120,
0,ip-dst,115.55.10.130,
0,ip-dst,115.55.10.233,
0,ip-dst,115.55.10.3,
0,ip-dst,115.55.10.50,
0,ip-dst,115.55.10.77,
0,ip-dst,115.55.10.88,
0,ip-dst,115.55.104.175,
0,ip-dst,115.55.104.196,
0,ip-dst,115.55.105.104,
0,ip-dst,115.55.105.140,
0,ip-dst,115.55.105.210,
0,ip-dst,115.55.106.52,
0,ip-dst,115.55.106.62,
0,ip-dst,115.55.11.146,
0,ip-dst,115.55.11.189,
0,ip-dst,115.55.11.33,
0,ip-dst,115.55.11.85,
0,ip-dst,115.55.112.96,
0,ip-dst,115.55.113.247,
0,ip-dst,115.55.117.28,
0,ip-dst,115.55.117.31,
0,ip-dst,115.55.128.101,
0,ip-dst,115.55.128.110,
0,ip-dst,115.55.128.123,
0,ip-dst,115.55.128.190,
0,ip-dst,115.55.128.197,
0,ip-dst,115.55.128.216,
0,ip-dst,115.55.128.38,
0,ip-dst,115.55.128.78,
0,ip-dst,115.55.128.99,
0,ip-dst,115.55.129.154,
0,ip-dst,115.55.129.203,
0,ip-dst,115.55.129.233,
0,ip-dst,115.55.129.40,
0,ip-dst,115.55.129.85,
0,ip-dst,115.55.129.9,
0,ip-dst,115.55.130.1,
0,ip-dst,115.55.130.114,
0,ip-dst,115.55.130.138,
0,ip-dst,115.55.130.17,
0,ip-dst,115.55.130.18,
0,ip-dst,115.55.130.182,
0,ip-dst,115.55.130.187,
0,ip-dst,115.55.130.206,
0,ip-dst,115.55.130.46,
0,ip-dst,115.55.130.7,
0,ip-dst,115.55.131.1,
0,ip-dst,115.55.131.111,
0,ip-dst,115.55.131.114,
0,ip-dst,115.55.131.238,
0,ip-dst,115.55.131.40,
0,ip-dst,115.55.131.7,
0,ip-dst,115.55.133.243,
0,ip-dst,115.55.134.156,
0,ip-dst,115.55.134.201,
0,ip-dst,115.55.134.90,
0,ip-dst,115.55.134.94,
0,ip-dst,115.55.136.21,
0,ip-dst,115.55.136.48,
0,ip-dst,115.55.136.94,
0,ip-dst,115.55.137.123,
0,ip-dst,115.55.138.183,
0,ip-dst,115.55.138.233,
0,ip-dst,115.55.139.234,
0,ip-dst,115.55.140.78,
0,ip-dst,115.55.141.147,
0,ip-dst,115.55.142.64,
0,ip-dst,115.55.143.38,
0,ip-dst,115.55.143.44,
0,ip-dst,115.55.144.112,
0,ip-dst,115.55.144.183,
0,ip-dst,115.55.144.33,
0,ip-dst,115.55.145.176,
0,ip-dst,115.55.147.242,
0,ip-dst,115.55.148.11,
0,ip-dst,115.55.148.67,
0,ip-dst,115.55.151.176,
0,ip-dst,115.55.153.181,
0,ip-dst,115.55.153.31,
0,ip-dst,115.55.159.0,
0,ip-dst,115.55.163.3,
0,ip-dst,115.55.163.97,
0,ip-dst,115.55.164.149,
0,ip-dst,115.55.167.236,
0,ip-dst,115.55.167.81,
0,ip-dst,115.55.171.86,
0,ip-dst,115.55.177.132,
0,ip-dst,115.55.179.119,
0,ip-dst,115.55.179.147,
0,ip-dst,115.55.181.31,
0,ip-dst,115.55.182.179,
0,ip-dst,115.55.182.254,
0,ip-dst,115.55.183.41,
0,ip-dst,115.55.183.60,
0,ip-dst,115.55.184.102,
0,ip-dst,115.55.184.221,
0,ip-dst,115.55.186.117,
0,ip-dst,115.55.186.172,
0,ip-dst,115.55.186.241,
0,ip-dst,115.55.188.54,
0,ip-dst,115.55.192.101,
0,ip-dst,115.55.192.146,
0,ip-dst,115.55.192.214,
0,ip-dst,115.55.192.236,
0,ip-dst,115.55.192.30,
0,ip-dst,115.55.192.62,
0,ip-dst,115.55.193.245,
0,ip-dst,115.55.193.248,
0,ip-dst,115.55.193.88,
0,ip-dst,115.55.194.152,
0,ip-dst,115.55.194.180,
0,ip-dst,115.55.195.46,
0,ip-dst,115.55.196.16,
0,ip-dst,115.55.196.182,
0,ip-dst,115.55.196.195,
0,ip-dst,115.55.196.221,
0,ip-dst,115.55.196.76,
0,ip-dst,115.55.197.141,
0,ip-dst,115.55.197.252,
0,ip-dst,115.55.197.255,
0,ip-dst,115.55.197.92,
0,ip-dst,115.55.198.164,
0,ip-dst,115.55.198.208,
0,ip-dst,115.55.199.74,
0,ip-dst,115.55.20.161,
0,ip-dst,115.55.20.245,
0,ip-dst,115.55.20.89,
0,ip-dst,115.55.201.179,
0,ip-dst,115.55.207.146,
0,ip-dst,115.55.207.20,
0,ip-dst,115.55.207.200,
0,ip-dst,115.55.207.210,
0,ip-dst,115.55.207.214,
0,ip-dst,115.55.21.107,
0,ip-dst,115.55.21.167,
0,ip-dst,115.55.21.54,
0,ip-dst,115.55.216.106,
0,ip-dst,115.55.216.2,
0,ip-dst,115.55.216.245,
0,ip-dst,115.55.216.25,
0,ip-dst,115.55.216.64,
0,ip-dst,115.55.217.13,
0,ip-dst,115.55.217.180,
0,ip-dst,115.55.217.75,
0,ip-dst,115.55.218.124,
0,ip-dst,115.55.218.242,
0,ip-dst,115.55.218.50,
0,ip-dst,115.55.219.107,
0,ip-dst,115.55.219.137,
0,ip-dst,115.55.22.51,
0,ip-dst,115.55.220.191,
0,ip-dst,115.55.221.171,
0,ip-dst,115.55.222.180,
0,ip-dst,115.55.223.102,
0,ip-dst,115.55.223.114,
0,ip-dst,115.55.223.247,
0,ip-dst,115.55.223.75,
0,ip-dst,115.55.224.105,
0,ip-dst,115.55.225.59,
0,ip-dst,115.55.226.136,
0,ip-dst,115.55.228.221,
0,ip-dst,115.55.228.83,
0,ip-dst,115.55.23.113,
0,ip-dst,115.55.231.16,
0,ip-dst,115.55.232.87,
0,ip-dst,115.55.238.11,
0,ip-dst,115.55.239.181,
0,ip-dst,115.55.24.186,
0,ip-dst,115.55.240.241,
0,ip-dst,115.55.240.29,
0,ip-dst,115.55.241.3,
0,ip-dst,115.55.242.99,
0,ip-dst,115.55.243.1,
0,ip-dst,115.55.243.13,
0,ip-dst,115.55.244.146,
0,ip-dst,115.55.245.246,
0,ip-dst,115.55.246.100,
0,ip-dst,115.55.247.159,
0,ip-dst,115.55.247.55,
0,ip-dst,115.55.249.116,
0,ip-dst,115.55.249.216,
0,ip-dst,115.55.249.227,
0,ip-dst,115.55.25.78,
0,ip-dst,115.55.252.18,
0,ip-dst,115.55.253.105,
0,ip-dst,115.55.254.145,
0,ip-dst,115.55.254.194,
0,ip-dst,115.55.254.232,
0,ip-dst,115.55.255.123,
0,ip-dst,115.55.255.143,
0,ip-dst,115.55.255.254,
0,ip-dst,115.55.26.129,
0,ip-dst,115.55.26.167,
0,ip-dst,115.55.27.253,
0,ip-dst,115.55.27.99,
0,ip-dst,115.55.30.248,
0,ip-dst,115.55.30.86,
0,ip-dst,115.55.35.145,
0,ip-dst,115.55.35.155,
0,ip-dst,115.55.37.42,
0,ip-dst,115.55.40.172,
0,ip-dst,115.55.40.191,
0,ip-dst,115.55.41.102,
0,ip-dst,115.55.41.48,
0,ip-dst,115.55.41.77,
0,ip-dst,115.55.48.191,
0,ip-dst,115.55.48.214,
0,ip-dst,115.55.48.239,
0,ip-dst,115.55.48.97,
0,ip-dst,115.55.49.125,
0,ip-dst,115.55.49.244,
0,ip-dst,115.55.49.249,
0,ip-dst,115.55.49.76,
0,ip-dst,115.55.50.106,
0,ip-dst,115.55.50.157,
0,ip-dst,115.55.50.211,
0,ip-dst,115.55.50.40,
0,ip-dst,115.55.51.10,
0,ip-dst,115.55.51.109,
0,ip-dst,115.55.51.203,
0,ip-dst,115.55.51.44,
0,ip-dst,115.55.51.78,
0,ip-dst,115.55.51.98,
0,ip-dst,115.55.52.179,
0,ip-dst,115.55.52.94,
0,ip-dst,115.55.53.169,
0,ip-dst,115.55.53.7,
0,ip-dst,115.55.54.116,
0,ip-dst,115.55.54.142,
0,ip-dst,115.55.54.168,
0,ip-dst,115.55.54.208,
0,ip-dst,115.55.54.209,
0,ip-dst,115.55.54.27,
0,ip-dst,115.55.54.32,
0,ip-dst,115.55.54.96,
0,ip-dst,115.55.55.119,
0,ip-dst,115.55.55.203,
0,ip-dst,115.55.55.27,
0,ip-dst,115.55.55.29,
0,ip-dst,115.55.55.47,
0,ip-dst,115.55.55.69,
0,ip-dst,115.55.55.91,
0,ip-dst,115.55.56.115,
0,ip-dst,115.55.56.122,
0,ip-dst,115.55.56.188,
0,ip-dst,115.55.56.200,
0,ip-dst,115.55.56.22,
0,ip-dst,115.55.56.239,
0,ip-dst,115.55.56.71,
0,ip-dst,115.55.56.95,
0,ip-dst,115.55.58.26,
0,ip-dst,115.55.58.68,
0,ip-dst,115.55.58.74,
0,ip-dst,115.55.58.75,
0,ip-dst,115.55.59.16,
0,ip-dst,115.55.59.183,
0,ip-dst,115.55.59.192,
0,ip-dst,115.55.59.78,
0,ip-dst,115.55.59.87,
0,ip-dst,115.55.60.121,
0,ip-dst,115.55.60.143,
0,ip-dst,115.55.60.64,
0,ip-dst,115.55.60.98,
0,ip-dst,115.55.61.118,
0,ip-dst,115.55.61.168,
0,ip-dst,115.55.61.59,
0,ip-dst,115.55.61.63,
0,ip-dst,115.55.62.100,
0,ip-dst,115.55.62.125,
0,ip-dst,115.55.62.146,
0,ip-dst,115.55.62.206,
0,ip-dst,115.55.62.211,
0,ip-dst,115.55.62.250,
0,ip-dst,115.55.62.69,
0,ip-dst,115.55.63.107,
0,ip-dst,115.55.63.110,
0,ip-dst,115.55.63.117,
0,ip-dst,115.55.63.18,
0,ip-dst,115.55.63.203,
0,ip-dst,115.55.8.107,
0,ip-dst,115.55.8.141,
0,ip-dst,115.55.8.16,
0,ip-dst,115.55.8.179,
0,ip-dst,115.55.8.220,
0,ip-dst,115.55.8.238,
0,ip-dst,115.55.80.64,
0,ip-dst,115.55.80.67,
0,ip-dst,115.55.85.204,
0,ip-dst,115.55.86.182,
0,ip-dst,115.55.87.175,
0,ip-dst,115.55.88.115,
0,ip-dst,115.55.89.141,
0,ip-dst,115.55.89.53,
0,ip-dst,115.55.89.8,
0,ip-dst,115.55.9.11,
0,ip-dst,115.55.9.143,
0,ip-dst,115.55.9.159,
0,ip-dst,115.55.9.166,
0,ip-dst,115.55.9.188,
0,ip-dst,115.55.9.50,
0,ip-dst,115.55.90.238,
0,ip-dst,115.55.90.35,
0,ip-dst,115.55.91.120,
0,ip-dst,115.55.91.175,
0,ip-dst,115.55.91.183,
0,ip-dst,115.55.91.227,
0,ip-dst,115.55.92.0,
0,ip-dst,115.55.92.64,
0,ip-dst,115.55.93.169,
0,ip-dst,115.55.93.254,
0,ip-dst,115.55.94.108,
0,ip-dst,115.55.95.110,
0,ip-dst,115.55.95.126,
0,ip-dst,115.55.95.167,
0,ip-dst,115.55.95.27,
0,ip-dst,115.55.95.35,
0,ip-dst,115.55.95.79,
0,ip-dst,115.56.1.181,
0,ip-dst,115.56.100.156,
0,ip-dst,115.56.101.102,
0,ip-dst,115.56.101.130,
0,ip-dst,115.56.101.135,
0,ip-dst,115.56.103.130,
0,ip-dst,115.56.103.241,
0,ip-dst,115.56.103.59,
0,ip-dst,115.56.108.93,
0,ip-dst,115.56.109.193,
0,ip-dst,115.56.109.40,
0,ip-dst,115.56.11.94,
0,ip-dst,115.56.110.213,
0,ip-dst,115.56.110.251,
0,ip-dst,115.56.110.82,
0,ip-dst,115.56.111.180,
0,ip-dst,115.56.112.117,
0,ip-dst,115.56.112.168,
0,ip-dst,115.56.113.251,
0,ip-dst,115.56.113.99,
0,ip-dst,115.56.114.127,
0,ip-dst,115.56.114.135,
0,ip-dst,115.56.114.234,
0,ip-dst,115.56.114.68,
0,ip-dst,115.56.115.198,
0,ip-dst,115.56.115.86,
0,ip-dst,115.56.115.96,
0,ip-dst,115.56.12.79,
0,ip-dst,115.56.120.167,
0,ip-dst,115.56.120.183,
0,ip-dst,115.56.120.187,
0,ip-dst,115.56.120.205,
0,ip-dst,115.56.120.224,
0,ip-dst,115.56.120.250,
0,ip-dst,115.56.121.103,
0,ip-dst,115.56.121.113,
0,ip-dst,115.56.121.227,
0,ip-dst,115.56.121.38,
0,ip-dst,115.56.121.97,
0,ip-dst,115.56.122.142,
0,ip-dst,115.56.122.22,
0,ip-dst,115.56.122.255,
0,ip-dst,115.56.122.44,
0,ip-dst,115.56.122.57,
0,ip-dst,115.56.122.72,
0,ip-dst,115.56.122.8,
0,ip-dst,115.56.122.97,
0,ip-dst,115.56.123.1,
0,ip-dst,115.56.123.134,
0,ip-dst,115.56.123.193,
0,ip-dst,115.56.123.43,
0,ip-dst,115.56.126.119,
0,ip-dst,115.56.129.29,
0,ip-dst,115.56.14.232,
0,ip-dst,115.56.144.2,
0,ip-dst,115.56.144.207,
0,ip-dst,115.56.144.50,
0,ip-dst,115.56.144.7,
0,ip-dst,115.56.145.202,
0,ip-dst,115.56.145.210,
0,ip-dst,115.56.145.227,
0,ip-dst,115.56.145.243,
0,ip-dst,115.56.147.106,
0,ip-dst,115.56.147.124,
0,ip-dst,115.56.147.160,
0,ip-dst,115.56.147.183,
0,ip-dst,115.56.147.48,
0,ip-dst,115.56.147.54,
0,ip-dst,115.56.147.88,
0,ip-dst,115.56.148.119,
0,ip-dst,115.56.148.121,
0,ip-dst,115.56.148.129,
0,ip-dst,115.56.148.239,
0,ip-dst,115.56.148.57,
0,ip-dst,115.56.148.60,
0,ip-dst,115.56.149.43,
0,ip-dst,115.56.150.76,
0,ip-dst,115.56.150.84,
0,ip-dst,115.56.151.218,
0,ip-dst,115.56.152.108,
0,ip-dst,115.56.152.121,
0,ip-dst,115.56.152.169,
0,ip-dst,115.56.152.172,
0,ip-dst,115.56.152.26,
0,ip-dst,115.56.153.13,
0,ip-dst,115.56.153.147,
0,ip-dst,115.56.153.31,
0,ip-dst,115.56.153.64,
0,ip-dst,115.56.153.70,
0,ip-dst,115.56.154.123,
0,ip-dst,115.56.154.179,
0,ip-dst,115.56.154.209,
0,ip-dst,115.56.154.251,
0,ip-dst,115.56.154.3,
0,ip-dst,115.56.154.32,
0,ip-dst,115.56.155.101,
0,ip-dst,115.56.155.246,
0,ip-dst,115.56.155.73,
0,ip-dst,115.56.156.21,
0,ip-dst,115.56.156.213,
0,ip-dst,115.56.156.33,
0,ip-dst,115.56.156.4,
0,ip-dst,115.56.156.72,
0,ip-dst,115.56.156.93,
0,ip-dst,115.56.157.32,
0,ip-dst,115.56.157.91,
0,ip-dst,115.56.158.164,
0,ip-dst,115.56.158.207,
0,ip-dst,115.56.158.31,
0,ip-dst,115.56.159.131,
0,ip-dst,115.56.159.192,
0,ip-dst,115.56.159.197,
0,ip-dst,115.56.159.34,
0,ip-dst,115.56.159.47,
0,ip-dst,115.56.159.65,
0,ip-dst,115.56.160.54,
0,ip-dst,115.56.162.207,
0,ip-dst,115.56.162.3,
0,ip-dst,115.56.163.212,
0,ip-dst,115.56.165.116,
0,ip-dst,115.56.166.107,
0,ip-dst,115.56.166.68,
0,ip-dst,115.56.169.159,
0,ip-dst,115.56.169.16,
0,ip-dst,115.56.169.228,
0,ip-dst,115.56.169.250,
0,ip-dst,115.56.169.253,
0,ip-dst,115.56.170.25,
0,ip-dst,115.56.172.111,
0,ip-dst,115.56.172.141,
0,ip-dst,115.56.172.156,
0,ip-dst,115.56.172.198,
0,ip-dst,115.56.174.37,
0,ip-dst,115.56.177.157,
0,ip-dst,115.56.179.15,
0,ip-dst,115.56.180.76,
0,ip-dst,115.56.180.92,
0,ip-dst,115.56.181.186,
0,ip-dst,115.56.181.48,
0,ip-dst,115.56.182.124,
0,ip-dst,115.56.183.155,
0,ip-dst,115.56.183.245,
0,ip-dst,115.56.184.109,
0,ip-dst,115.56.184.154,
0,ip-dst,115.56.184.159,
0,ip-dst,115.56.185.152,
0,ip-dst,115.56.185.87,
0,ip-dst,115.56.186.83,
0,ip-dst,115.56.189.183,
0,ip-dst,115.56.191.38,
0,ip-dst,115.56.3.94,
0,ip-dst,115.56.40.169,
0,ip-dst,115.56.41.239,
0,ip-dst,115.56.42.121,
0,ip-dst,115.56.44.134,
0,ip-dst,115.56.44.210,
0,ip-dst,115.56.44.244,
0,ip-dst,115.56.57.140,
0,ip-dst,115.56.59.52,
0,ip-dst,115.56.59.80,
0,ip-dst,115.56.6.137,
0,ip-dst,115.56.9.148,
0,ip-dst,115.56.98.254,
0,ip-dst,115.56.99.135,
0,ip-dst,115.57.108.241,
0,ip-dst,115.57.109.107,
0,ip-dst,115.57.109.199,
0,ip-dst,115.57.109.234,
0,ip-dst,115.57.109.37,
0,ip-dst,115.57.110.230,
0,ip-dst,115.57.110.234,
0,ip-dst,115.57.111.160,
0,ip-dst,115.57.112.185,
0,ip-dst,115.57.112.94,
0,ip-dst,115.57.112.97,
0,ip-dst,115.57.113.234,
0,ip-dst,115.57.113.88,
0,ip-dst,115.57.114.133,
0,ip-dst,115.57.114.233,
0,ip-dst,115.57.115.114,
0,ip-dst,115.57.115.127,
0,ip-dst,115.57.116.21,
0,ip-dst,115.57.117.229,
0,ip-dst,115.57.162.185,
0,ip-dst,115.57.162.222,
0,ip-dst,115.57.163.109,
0,ip-dst,115.57.163.122,
0,ip-dst,115.57.163.28,
0,ip-dst,115.57.164.31,
0,ip-dst,115.57.164.37,
0,ip-dst,115.57.164.5,
0,ip-dst,115.57.164.51,
0,ip-dst,115.57.165.167,
0,ip-dst,115.57.165.202,
0,ip-dst,115.57.166.233,
0,ip-dst,115.57.166.52,
0,ip-dst,115.57.167.57,
0,ip-dst,115.57.194.37,
0,ip-dst,115.57.207.143,
0,ip-dst,115.57.235.8,
0,ip-dst,115.57.240.169,
0,ip-dst,115.57.240.216,
0,ip-dst,115.57.242.199,
0,ip-dst,115.57.244.122,
0,ip-dst,115.57.244.66,
0,ip-dst,115.57.245.119,
0,ip-dst,115.57.246.55,
0,ip-dst,115.57.247.206,
0,ip-dst,115.57.27.167,
0,ip-dst,115.57.27.62,
0,ip-dst,115.57.28.123,
0,ip-dst,115.57.29.251,
0,ip-dst,115.57.31.210,
0,ip-dst,115.57.31.250,
0,ip-dst,115.57.35.137,
0,ip-dst,115.57.37.173,
0,ip-dst,115.57.48.175,
0,ip-dst,115.57.48.5,
0,ip-dst,115.57.49.150,
0,ip-dst,115.57.49.217,
0,ip-dst,115.57.50.204,
0,ip-dst,115.57.50.35,
0,ip-dst,115.57.51.15,
0,ip-dst,115.57.51.191,
0,ip-dst,115.57.51.88,
0,ip-dst,115.57.57.105,
0,ip-dst,115.57.57.18,
0,ip-dst,115.57.57.5,
0,ip-dst,115.57.58.172,
0,ip-dst,115.57.58.79,
0,ip-dst,115.57.59.246,
0,ip-dst,115.57.59.3,
0,ip-dst,115.57.69.102,
0,ip-dst,115.57.70.86,
0,ip-dst,115.57.71.90,
0,ip-dst,115.57.80.152,
0,ip-dst,115.57.80.255,
0,ip-dst,115.57.80.32,
0,ip-dst,115.57.80.33,
0,ip-dst,115.57.81.15,
0,ip-dst,115.57.81.64,
0,ip-dst,115.57.82.124,
0,ip-dst,115.57.82.73,
0,ip-dst,115.57.83.114,
0,ip-dst,115.57.83.35,
0,ip-dst,115.57.83.44,
0,ip-dst,115.58.10.18,
0,ip-dst,115.58.11.110,
0,ip-dst,115.58.11.205,
0,ip-dst,115.58.112.78,
0,ip-dst,115.58.112.84,
0,ip-dst,115.58.112.96,
0,ip-dst,115.58.113.12,
0,ip-dst,115.58.113.223,
0,ip-dst,115.58.113.255,
0,ip-dst,115.58.115.172,
0,ip-dst,115.58.115.221,
0,ip-dst,115.58.117.103,
0,ip-dst,115.58.117.18,
0,ip-dst,115.58.117.195,
0,ip-dst,115.58.118.101,
0,ip-dst,115.58.118.34,
0,ip-dst,115.58.119.214,
0,ip-dst,115.58.119.215,
0,ip-dst,115.58.119.91,
0,ip-dst,115.58.121.136,
0,ip-dst,115.58.121.204,
0,ip-dst,115.58.124.229,
0,ip-dst,115.58.124.40,
0,ip-dst,115.58.124.91,
0,ip-dst,115.58.125.47,
0,ip-dst,115.58.126.65,
0,ip-dst,115.58.126.95,
0,ip-dst,115.58.127.78,
0,ip-dst,115.58.13.180,
0,ip-dst,115.58.131.152,
0,ip-dst,115.58.132.218,
0,ip-dst,115.58.132.35,
0,ip-dst,115.58.133.151,
0,ip-dst,115.58.133.255,
0,ip-dst,115.58.134.108,
0,ip-dst,115.58.134.165,
0,ip-dst,115.58.134.177,
0,ip-dst,115.58.134.186,
0,ip-dst,115.58.134.191,
0,ip-dst,115.58.134.229,
0,ip-dst,115.58.134.95,
0,ip-dst,115.58.135.159,
0,ip-dst,115.58.135.167,
0,ip-dst,115.58.135.17,
0,ip-dst,115.58.135.224,
0,ip-dst,115.58.135.62,
0,ip-dst,115.58.135.71,
0,ip-dst,115.58.140.107,
0,ip-dst,115.58.140.75,
0,ip-dst,115.58.141.72,
0,ip-dst,115.58.142.109,
0,ip-dst,115.58.142.128,
0,ip-dst,115.58.142.44,
0,ip-dst,115.58.143.198,
0,ip-dst,115.58.143.205,
0,ip-dst,115.58.145.166,
0,ip-dst,115.58.146.38,
0,ip-dst,115.58.146.55,
0,ip-dst,115.58.147.16,
0,ip-dst,115.58.148.211,
0,ip-dst,115.58.148.228,
0,ip-dst,115.58.149.126,
0,ip-dst,115.58.149.136,
0,ip-dst,115.58.152.219,
0,ip-dst,115.58.152.7,
0,ip-dst,115.58.153.107,
0,ip-dst,115.58.154.144,
0,ip-dst,115.58.154.57,
0,ip-dst,115.58.155.150,
0,ip-dst,115.58.155.65,
0,ip-dst,115.58.158.157,
0,ip-dst,115.58.158.169,
0,ip-dst,115.58.158.42,
0,ip-dst,115.58.158.82,
0,ip-dst,115.58.159.164,
0,ip-dst,115.58.169.245,
0,ip-dst,115.58.171.27,
0,ip-dst,115.58.172.166,
0,ip-dst,115.58.177.11,
0,ip-dst,115.58.188.144,
0,ip-dst,115.58.189.204,
0,ip-dst,115.58.189.212,
0,ip-dst,115.58.190.184,
0,ip-dst,115.58.191.232,
0,ip-dst,115.58.191.31,
0,ip-dst,115.58.25.225,
0,ip-dst,115.58.27.126,
0,ip-dst,115.58.29.171,
0,ip-dst,115.58.32.173,
0,ip-dst,115.58.32.199,
0,ip-dst,115.58.34.142,
0,ip-dst,115.58.35.35,
0,ip-dst,115.58.36.224,
0,ip-dst,115.58.37.135,
0,ip-dst,115.58.39.147,
0,ip-dst,115.58.39.174,
0,ip-dst,115.58.39.37,
0,ip-dst,115.58.60.53,
0,ip-dst,115.58.60.74,
0,ip-dst,115.58.61.16,
0,ip-dst,115.58.61.181,
0,ip-dst,115.58.61.252,
0,ip-dst,115.58.61.44,
0,ip-dst,115.58.61.92,
0,ip-dst,115.58.62.137,
0,ip-dst,115.58.62.147,
0,ip-dst,115.58.62.154,
0,ip-dst,115.58.62.167,
0,ip-dst,115.58.62.207,
0,ip-dst,115.58.63.101,
0,ip-dst,115.58.63.102,
0,ip-dst,115.58.63.216,
0,ip-dst,115.58.8.183,
0,ip-dst,115.58.8.81,
0,ip-dst,115.58.80.119,
0,ip-dst,115.58.81.139,
0,ip-dst,115.58.81.141,
0,ip-dst,115.58.81.204,
0,ip-dst,115.58.83.140,
0,ip-dst,115.58.83.156,
0,ip-dst,115.58.83.19,
0,ip-dst,115.58.83.232,
0,ip-dst,115.58.84.131,
0,ip-dst,115.58.85.193,
0,ip-dst,115.58.85.35,
0,ip-dst,115.58.86.10,
0,ip-dst,115.58.86.107,
0,ip-dst,115.58.86.154,
0,ip-dst,115.58.86.163,
0,ip-dst,115.58.86.35,
0,ip-dst,115.58.9.251,
0,ip-dst,115.58.9.4,
0,ip-dst,115.58.91.10,
0,ip-dst,115.58.91.163,
0,ip-dst,115.58.91.196,
0,ip-dst,115.58.91.236,
0,ip-dst,115.58.91.61,
0,ip-dst,115.58.92.167,
0,ip-dst,115.58.92.245,
0,ip-dst,115.58.92.79,
0,ip-dst,115.58.94.120,
0,ip-dst,115.58.94.72,
0,ip-dst,115.58.95.115,
0,ip-dst,115.58.95.127,
0,ip-dst,115.58.95.149,
0,ip-dst,115.58.95.170,
0,ip-dst,115.58.95.45,
0,ip-dst,115.59.1.227,
0,ip-dst,115.59.1.78,
0,ip-dst,115.59.10.124,
0,ip-dst,115.59.10.216,
0,ip-dst,115.59.10.91,
0,ip-dst,115.59.11.179,
0,ip-dst,115.59.120.166,
0,ip-dst,115.59.121.16,
0,ip-dst,115.59.13.127,
0,ip-dst,115.59.13.51,
0,ip-dst,115.59.14.219,
0,ip-dst,115.59.15.219,
0,ip-dst,115.59.19.161,
0,ip-dst,115.59.19.37,
0,ip-dst,115.59.224.178,
0,ip-dst,115.59.225.108,
0,ip-dst,115.59.226.47,
0,ip-dst,115.59.23.25,
0,ip-dst,115.59.231.137,
0,ip-dst,115.59.231.33,
0,ip-dst,115.59.232.16,
0,ip-dst,115.59.233.149,
0,ip-dst,115.59.28.122,
0,ip-dst,115.59.29.246,
0,ip-dst,115.59.33.19,
0,ip-dst,115.59.4.238,
0,ip-dst,115.59.59.138,
0,ip-dst,115.59.60.32,
0,ip-dst,115.59.7.129,
0,ip-dst,115.59.8.111,
0,ip-dst,115.59.80.163,
0,ip-dst,115.59.82.130,
0,ip-dst,115.59.83.206,
0,ip-dst,115.59.86.149,
0,ip-dst,115.59.87.222,
0,ip-dst,115.59.87.246,
0,ip-dst,115.59.88.156,
0,ip-dst,115.59.9.141,
0,ip-dst,115.59.90.109,
0,ip-dst,115.59.90.169,
0,ip-dst,115.59.92.177,
0,ip-dst,115.59.94.115,
0,ip-dst,115.59.94.222,
0,ip-dst,115.60.117.143,
0,ip-dst,115.60.166.232,
0,ip-dst,115.60.196.173,
0,ip-dst,115.60.202.67,
0,ip-dst,115.60.211.137,
0,ip-dst,115.60.211.41,
0,ip-dst,115.60.214.16,
0,ip-dst,115.60.219.106,
0,ip-dst,115.60.22.211,
0,ip-dst,115.60.225.186,
0,ip-dst,115.60.225.54,
0,ip-dst,115.60.248.113,
0,ip-dst,115.60.248.255,
0,ip-dst,115.60.248.4,
0,ip-dst,115.60.249.218,
0,ip-dst,115.60.249.96,
0,ip-dst,115.60.250.184,
0,ip-dst,115.60.250.241,
0,ip-dst,115.60.251.153,
0,ip-dst,115.60.53.122,
0,ip-dst,115.61.10.223,
0,ip-dst,115.61.101.130,
0,ip-dst,115.61.102.126,
0,ip-dst,115.61.104.217,
0,ip-dst,115.61.107.2,
0,ip-dst,115.61.107.99,
0,ip-dst,115.61.109.185,
0,ip-dst,115.61.109.31,
0,ip-dst,115.61.109.57,
0,ip-dst,115.61.11.39,
0,ip-dst,115.61.110.14,
0,ip-dst,115.61.112.101,
0,ip-dst,115.61.112.113,
0,ip-dst,115.61.112.255,
0,ip-dst,115.61.113.135,
0,ip-dst,115.61.113.169,
0,ip-dst,115.61.113.18,
0,ip-dst,115.61.113.191,
0,ip-dst,115.61.113.204,
0,ip-dst,115.61.113.38,
0,ip-dst,115.61.113.93,
0,ip-dst,115.61.114.153,
0,ip-dst,115.61.114.59,
0,ip-dst,115.61.114.87,
0,ip-dst,115.61.115.113,
0,ip-dst,115.61.115.126,
0,ip-dst,115.61.115.133,
0,ip-dst,115.61.115.144,
0,ip-dst,115.61.115.219,
0,ip-dst,115.61.115.252,
0,ip-dst,115.61.115.78,
0,ip-dst,115.61.116.155,
0,ip-dst,115.61.116.250,
0,ip-dst,115.61.116.98,
0,ip-dst,115.61.117.167,
0,ip-dst,115.61.117.205,
0,ip-dst,115.61.117.77,
0,ip-dst,115.61.119.12,
0,ip-dst,115.61.119.143,
0,ip-dst,115.61.119.164,
0,ip-dst,115.61.119.203,
0,ip-dst,115.61.119.37,
0,ip-dst,115.61.119.59,
0,ip-dst,115.61.119.6,
0,ip-dst,115.61.119.60,
0,ip-dst,115.61.119.82,
0,ip-dst,115.61.120.175,
0,ip-dst,115.61.120.46,
0,ip-dst,115.61.121.0,
0,ip-dst,115.61.121.129,
0,ip-dst,115.61.121.148,
0,ip-dst,115.61.121.53,
0,ip-dst,115.61.121.74,
0,ip-dst,115.61.121.88,
0,ip-dst,115.61.14.132,
0,ip-dst,115.61.140.62,
0,ip-dst,115.61.16.191,
0,ip-dst,115.61.16.78,
0,ip-dst,115.61.18.146,
0,ip-dst,115.61.18.235,
0,ip-dst,115.61.18.38,
0,ip-dst,115.61.18.92,
0,ip-dst,115.61.236.168,
0,ip-dst,115.61.236.46,
0,ip-dst,115.61.237.250,
0,ip-dst,115.61.239.147,
0,ip-dst,115.61.4.141,
0,ip-dst,115.61.42.67,
0,ip-dst,115.61.48.237,
0,ip-dst,115.61.51.3,
0,ip-dst,115.61.54.158,
0,ip-dst,115.61.54.229,
0,ip-dst,115.61.59.170,
0,ip-dst,115.61.60.234,
0,ip-dst,115.61.7.159,
0,ip-dst,115.61.8.55,
0,ip-dst,115.61.9.170,
0,ip-dst,115.62.0.140,
0,ip-dst,115.62.0.79,
0,ip-dst,115.62.132.124,
0,ip-dst,115.62.133.187,
0,ip-dst,115.62.144.21,
0,ip-dst,115.62.144.84,
0,ip-dst,115.62.145.10,
0,ip-dst,115.62.147.112,
0,ip-dst,115.62.147.19,
0,ip-dst,115.62.148.182,
0,ip-dst,115.62.149.153,
0,ip-dst,115.62.151.123,
0,ip-dst,115.62.151.205,
0,ip-dst,115.62.151.60,
0,ip-dst,115.62.152.148,
0,ip-dst,115.62.154.55,
0,ip-dst,115.62.155.0,
0,ip-dst,115.62.155.36,
0,ip-dst,115.62.155.9,
0,ip-dst,115.62.158.106,
0,ip-dst,115.62.158.210,
0,ip-dst,115.62.159.186,
0,ip-dst,115.62.176.44,
0,ip-dst,115.62.177.129,
0,ip-dst,115.62.179.118,
0,ip-dst,115.62.180.133,
0,ip-dst,115.62.180.56,
0,ip-dst,115.62.180.88,
0,ip-dst,115.62.181.123,
0,ip-dst,115.62.181.17,
0,ip-dst,115.62.181.39,
0,ip-dst,115.62.182.205,
0,ip-dst,115.62.184.192,
0,ip-dst,115.62.191.15,
0,ip-dst,115.62.191.179,
0,ip-dst,115.62.212.119,
0,ip-dst,115.62.215.231,
0,ip-dst,115.62.33.219,
0,ip-dst,115.62.44.1,
0,ip-dst,115.62.57.29,
0,ip-dst,115.62.59.199,
0,ip-dst,115.62.62.119,
0,ip-dst,115.62.62.243,
0,ip-dst,115.62.63.99,
0,ip-dst,115.62.7.159,
0,ip-dst,115.62.7.29,
0,ip-dst,115.62.79.44,
0,ip-dst,115.63.10.105,
0,ip-dst,115.63.10.112,
0,ip-dst,115.63.10.163,
0,ip-dst,115.63.10.210,
0,ip-dst,115.63.10.226,
0,ip-dst,115.63.10.233,
0,ip-dst,115.63.10.93,
0,ip-dst,115.63.10.99,
0,ip-dst,115.63.11.199,
0,ip-dst,115.63.11.209,
0,ip-dst,115.63.11.21,
0,ip-dst,115.63.11.75,
0,ip-dst,115.63.112.201,
0,ip-dst,115.63.12.13,
0,ip-dst,115.63.12.244,
0,ip-dst,115.63.129.43,
0,ip-dst,115.63.13.11,
0,ip-dst,115.63.13.176,
0,ip-dst,115.63.13.194,
0,ip-dst,115.63.13.198,
0,ip-dst,115.63.13.21,
0,ip-dst,115.63.13.41,
0,ip-dst,115.63.134.54,
0,ip-dst,115.63.14.129,
0,ip-dst,115.63.14.138,
0,ip-dst,115.63.14.188,
0,ip-dst,115.63.144.161,
0,ip-dst,115.63.144.212,
0,ip-dst,115.63.147.196,
0,ip-dst,115.63.147.3,
0,ip-dst,115.63.15.125,
0,ip-dst,115.63.15.136,
0,ip-dst,115.63.15.163,
0,ip-dst,115.63.15.85,
0,ip-dst,115.63.168.181,
0,ip-dst,115.63.168.210,
0,ip-dst,115.63.172.216,
0,ip-dst,115.63.175.192,
0,ip-dst,115.63.176.12,
0,ip-dst,115.63.176.123,
0,ip-dst,115.63.176.19,
0,ip-dst,115.63.176.5,
0,ip-dst,115.63.176.78,
0,ip-dst,115.63.176.9,
0,ip-dst,115.63.177.109,
0,ip-dst,115.63.177.84,
0,ip-dst,115.63.178.39,
0,ip-dst,115.63.178.66,
0,ip-dst,115.63.179.155,
0,ip-dst,115.63.179.181,
0,ip-dst,115.63.179.182,
0,ip-dst,115.63.180.156,
0,ip-dst,115.63.180.180,
0,ip-dst,115.63.180.6,
0,ip-dst,115.63.181.206,
0,ip-dst,115.63.181.97,
0,ip-dst,115.63.182.206,
0,ip-dst,115.63.182.234,
0,ip-dst,115.63.182.251,
0,ip-dst,115.63.183.102,
0,ip-dst,115.63.183.144,
0,ip-dst,115.63.183.145,
0,ip-dst,115.63.183.196,
0,ip-dst,115.63.186.170,
0,ip-dst,115.63.188.231,
0,ip-dst,115.63.188.74,
0,ip-dst,115.63.190.57,
0,ip-dst,115.63.191.164,
0,ip-dst,115.63.201.241,
0,ip-dst,115.63.202.80,
0,ip-dst,115.63.203.31,
0,ip-dst,115.63.203.46,
0,ip-dst,115.63.205.167,
0,ip-dst,115.63.205.37,
0,ip-dst,115.63.22.123,
0,ip-dst,115.63.228.230,
0,ip-dst,115.63.229.23,
0,ip-dst,115.63.229.24,
0,ip-dst,115.63.230.34,
0,ip-dst,115.63.231.101,
0,ip-dst,115.63.231.195,
0,ip-dst,115.63.231.93,
0,ip-dst,115.63.240.14,
0,ip-dst,115.63.240.155,
0,ip-dst,115.63.240.87,
0,ip-dst,115.63.242.133,
0,ip-dst,115.63.244.167,
0,ip-dst,115.63.245.18,
0,ip-dst,115.63.246.244,
0,ip-dst,115.63.247.64,
0,ip-dst,115.63.249.145,
0,ip-dst,115.63.249.217,
0,ip-dst,115.63.250.192,
0,ip-dst,115.63.26.97,
0,ip-dst,115.63.29.130,
0,ip-dst,115.63.34.208,
0,ip-dst,115.63.35.55,
0,ip-dst,115.63.36.192,
0,ip-dst,115.63.36.64,
0,ip-dst,115.63.37.239,
0,ip-dst,115.63.39.109,
0,ip-dst,115.63.40.16,
0,ip-dst,115.63.42.199,
0,ip-dst,115.63.44.68,
0,ip-dst,115.63.45.81,
0,ip-dst,115.63.46.217,
0,ip-dst,115.63.46.238,
0,ip-dst,115.63.46.61,
0,ip-dst,115.63.48.149,
0,ip-dst,115.63.48.173,
0,ip-dst,115.63.48.252,
0,ip-dst,115.63.48.76,
0,ip-dst,115.63.49.17,
0,ip-dst,115.63.49.172,
0,ip-dst,115.63.49.218,
0,ip-dst,115.63.49.229,
0,ip-dst,115.63.49.231,
0,ip-dst,115.63.49.248,
0,ip-dst,115.63.49.39,
0,ip-dst,115.63.49.67,
0,ip-dst,115.63.49.75,
0,ip-dst,115.63.50.116,
0,ip-dst,115.63.50.150,
0,ip-dst,115.63.50.246,
0,ip-dst,115.63.50.78,
0,ip-dst,115.63.51.111,
0,ip-dst,115.63.51.112,
0,ip-dst,115.63.51.142,
0,ip-dst,115.63.51.57,
0,ip-dst,115.63.51.59,
0,ip-dst,115.63.52.100,
0,ip-dst,115.63.52.18,
0,ip-dst,115.63.52.195,
0,ip-dst,115.63.52.35,
0,ip-dst,115.63.52.61,
0,ip-dst,115.63.52.65,
0,ip-dst,115.63.53.6,
0,ip-dst,115.63.54.0,
0,ip-dst,115.63.54.18,
0,ip-dst,115.63.54.56,
0,ip-dst,115.63.55.176,
0,ip-dst,115.63.55.240,
0,ip-dst,115.63.55.248,
0,ip-dst,115.63.56.138,
0,ip-dst,115.63.57.197,
0,ip-dst,115.63.58.33,
0,ip-dst,115.63.59.114,
0,ip-dst,115.63.59.63,
0,ip-dst,115.63.61.178,
0,ip-dst,115.63.8.11,
0,ip-dst,115.63.8.114,
0,ip-dst,115.63.8.121,
0,ip-dst,115.63.8.133,
0,ip-dst,115.63.8.230,
0,ip-dst,115.63.8.254,
0,ip-dst,115.63.8.34,
0,ip-dst,115.63.8.75,
0,ip-dst,115.63.8.99,
0,ip-dst,115.63.80.128,
0,ip-dst,115.63.80.250,
0,ip-dst,115.63.81.243,
0,ip-dst,115.63.83.235,
0,ip-dst,115.63.84.26,
0,ip-dst,115.63.86.14,
0,ip-dst,115.63.87.62,
0,ip-dst,115.63.9.183,
0,ip-dst,115.63.9.186,
0,ip-dst,115.63.9.221,
0,ip-dst,115.63.9.235,
0,ip-dst,115.63.9.253,
0,ip-dst,115.74.25.209,
0,ip-dst,115.79.187.72,
0,ip-dst,115.79.226.24,
0,ip-dst,115.79.236.173,
0,ip-dst,115.96.212.203,
0,ip-dst,115.96.255.34,
0,ip-dst,115.97.115.251,
0,ip-dst,115.97.136.21,
0,ip-dst,115.97.149.67,
0,ip-dst,115.98.180.86,
0,ip-dst,115.98.95.133,
0,ip-dst,116.100.68.249,
0,ip-dst,116.101.91.48,
0,ip-dst,116.102.229.234,
0,ip-dst,116.102.6.3,
0,ip-dst,116.103.163.137,
0,ip-dst,116.103.168.140,
0,ip-dst,116.103.168.178,
0,ip-dst,116.103.171.113,
0,ip-dst,116.103.172.228,
0,ip-dst,116.103.173.106,
0,ip-dst,116.105.134.178,
0,ip-dst,116.105.140.97,
0,ip-dst,116.105.141.199,
0,ip-dst,116.105.143.161,
0,ip-dst,116.106.181.224,
0,ip-dst,116.108.179.247,
0,ip-dst,116.108.208.126,
0,ip-dst,116.110.185.15,
0,ip-dst,116.110.185.173,
0,ip-dst,116.110.186.157,
0,ip-dst,116.110.186.173,
0,ip-dst,116.110.186.52,
0,ip-dst,116.110.187.180,
0,ip-dst,116.110.188.170,
0,ip-dst,116.110.189.39,
0,ip-dst,116.111.138.202,
0,ip-dst,116.111.143.148,
0,ip-dst,116.111.17.216,
0,ip-dst,116.133.72.61,
0,ip-dst,116.136.142.2,
0,ip-dst,116.138.106.161,
0,ip-dst,116.138.106.218,
0,ip-dst,116.138.106.238,
0,ip-dst,116.138.106.246,
0,ip-dst,116.138.113.62,
0,ip-dst,116.138.12.179,
0,ip-dst,116.138.131.30,
0,ip-dst,116.138.160.105,
0,ip-dst,116.138.160.128,
0,ip-dst,116.138.160.132,
0,ip-dst,116.138.160.225,
0,ip-dst,116.138.160.240,
0,ip-dst,116.138.160.26,
0,ip-dst,116.138.160.45,
0,ip-dst,116.138.161.112,
0,ip-dst,116.138.161.113,
0,ip-dst,116.138.161.130,
0,ip-dst,116.138.161.177,
0,ip-dst,116.138.161.22,
0,ip-dst,116.138.161.249,
0,ip-dst,116.138.161.46,
0,ip-dst,116.138.161.75,
0,ip-dst,116.138.162.141,
0,ip-dst,116.138.162.15,
0,ip-dst,116.138.162.174,
0,ip-dst,116.138.162.224,
0,ip-dst,116.138.162.225,
0,ip-dst,116.138.162.244,
0,ip-dst,116.138.162.250,
0,ip-dst,116.138.162.37,
0,ip-dst,116.138.162.64,
0,ip-dst,116.138.163.136,
0,ip-dst,116.138.163.174,
0,ip-dst,116.138.163.24,
0,ip-dst,116.138.163.31,
0,ip-dst,116.138.163.67,
0,ip-dst,116.138.163.7,
0,ip-dst,116.138.177.230,
0,ip-dst,116.138.184.220,
0,ip-dst,116.138.184.38,
0,ip-dst,116.138.186.131,
0,ip-dst,116.138.187.13,
0,ip-dst,116.138.187.54,
0,ip-dst,116.138.188.50,
0,ip-dst,116.138.189.149,
0,ip-dst,116.138.191.107,
0,ip-dst,116.138.191.202,
0,ip-dst,116.138.20.199,
0,ip-dst,116.138.20.55,
0,ip-dst,116.138.20.83,
0,ip-dst,116.138.216.97,
0,ip-dst,116.138.217.56,
0,ip-dst,116.138.218.255,
0,ip-dst,116.138.221.228,
0,ip-dst,116.138.222.119,
0,ip-dst,116.138.222.134,
0,ip-dst,116.138.240.173,
0,ip-dst,116.138.240.225,
0,ip-dst,116.138.241.12,
0,ip-dst,116.138.241.55,
0,ip-dst,116.138.242.199,
0,ip-dst,116.138.242.250,
0,ip-dst,116.138.244.96,
0,ip-dst,116.138.245.214,
0,ip-dst,116.138.246.26,
0,ip-dst,116.138.247.193,
0,ip-dst,116.138.247.30,
0,ip-dst,116.138.29.161,
0,ip-dst,116.138.29.53,
0,ip-dst,116.138.46.67,
0,ip-dst,116.138.6.223,
0,ip-dst,116.138.94.192,
0,ip-dst,116.138.96.192,
0,ip-dst,116.138.96.49,
0,ip-dst,116.139.105.199,
0,ip-dst,116.139.105.39,
0,ip-dst,116.139.106.194,
0,ip-dst,116.139.107.10,
0,ip-dst,116.139.119.140,
0,ip-dst,116.139.119.166,
0,ip-dst,116.139.155.90,
0,ip-dst,116.139.16.123,
0,ip-dst,116.139.178.110,
0,ip-dst,116.139.179.84,
0,ip-dst,116.139.184.62,
0,ip-dst,116.139.185.116,
0,ip-dst,116.139.187.180,
0,ip-dst,116.139.19.181,
0,ip-dst,116.139.213.159,
0,ip-dst,116.139.233.114,
0,ip-dst,116.139.236.127,
0,ip-dst,116.139.236.163,
0,ip-dst,116.139.239.43,
0,ip-dst,116.139.24.106,
0,ip-dst,116.139.32.112,
0,ip-dst,116.139.52.12,
0,ip-dst,116.139.53.18,
0,ip-dst,116.139.53.8,
0,ip-dst,116.139.54.102,
0,ip-dst,116.139.54.140,
0,ip-dst,116.139.54.186,
0,ip-dst,116.139.54.189,
0,ip-dst,116.139.55.100,
0,ip-dst,116.139.55.14,
0,ip-dst,116.139.55.45,
0,ip-dst,116.139.55.58,
0,ip-dst,116.139.93.17,
0,ip-dst,116.139.97.218,
0,ip-dst,116.139.98.201,
0,ip-dst,116.140.0.63,
0,ip-dst,116.140.162.21,
0,ip-dst,116.140.165.161,
0,ip-dst,116.140.172.132,
0,ip-dst,116.140.174.23,
0,ip-dst,116.140.191.55,
0,ip-dst,116.140.9.112,
0,ip-dst,116.148.108.52,
0,ip-dst,116.148.33.190,
0,ip-dst,116.15.50.242,
0,ip-dst,116.171.106.3,
0,ip-dst,116.196.92.13,
0,ip-dst,116.198.229.197,
0,ip-dst,116.2.100.242,
0,ip-dst,116.2.135.48,
0,ip-dst,116.2.171.212,
0,ip-dst,116.2.192.57,
0,ip-dst,116.2.43.141,
0,ip-dst,116.203.125.44,
0,ip-dst,116.203.165.54,
0,ip-dst,116.205.179.202,
0,ip-dst,116.205.188.204,
0,ip-dst,116.205.98.214,
0,ip-dst,116.206.151.203,
0,ip-dst,116.208.17.61,
0,ip-dst,116.212.144.187,
0,ip-dst,116.212.146.192,
0,ip-dst,116.212.156.83,
0,ip-dst,116.240.99.47,
0,ip-dst,116.248.10.153,
0,ip-dst,116.248.10.8,
0,ip-dst,116.248.120.240,
0,ip-dst,116.248.120.43,
0,ip-dst,116.248.122.76,
0,ip-dst,116.248.123.154,
0,ip-dst,116.248.123.227,
0,ip-dst,116.248.80.184,
0,ip-dst,116.249.129.174,
0,ip-dst,116.52.75.109,
0,ip-dst,116.53.2.40,
0,ip-dst,116.53.26.22,
0,ip-dst,116.53.27.170,
0,ip-dst,116.53.30.155,
0,ip-dst,116.53.31.211,
0,ip-dst,116.53.43.182,
0,ip-dst,116.53.54.132,
0,ip-dst,116.53.54.153,
0,ip-dst,116.53.54.199,
0,ip-dst,116.53.54.83,
0,ip-dst,116.53.73.244,
0,ip-dst,116.53.95.143,
0,ip-dst,116.55.125.89,
0,ip-dst,116.55.173.117,
0,ip-dst,116.55.173.41,
0,ip-dst,116.55.177.201,
0,ip-dst,116.55.178.89,
0,ip-dst,116.55.179.143,
0,ip-dst,116.55.179.65,
0,ip-dst,116.55.179.85,
0,ip-dst,116.55.179.87,
0,ip-dst,116.55.180.213,
0,ip-dst,116.55.181.236,
0,ip-dst,116.55.181.84,
0,ip-dst,116.55.72.18,
0,ip-dst,116.55.76.254,
0,ip-dst,116.55.76.40,
0,ip-dst,116.55.78.203,
0,ip-dst,116.58.21.218,
0,ip-dst,116.58.51.90,
0,ip-dst,116.58.62.74,
0,ip-dst,116.58.78.122,
0,ip-dst,116.58.83.76,
0,ip-dst,116.72.131.131,
0,ip-dst,116.72.2.83,
0,ip-dst,116.72.222.144,
0,ip-dst,116.72.32.104,
0,ip-dst,116.73.106.88,
0,ip-dst,116.73.52.190,
0,ip-dst,116.73.58.74,
0,ip-dst,116.74.225.117,
0,ip-dst,116.74.32.48,
0,ip-dst,116.74.35.102,
0,ip-dst,116.75.199.129,
0,ip-dst,116.75.242.132,
0,ip-dst,116.75.242.242,
0,ip-dst,116.75.66.243,
0,ip-dst,116.97.201.54,
0,ip-dst,116.97.65.198,
0,ip-dst,116.99.7.69,
0,ip-dst,117.131.92.150,
0,ip-dst,117.140.81.227,
0,ip-dst,117.146.92.46,
0,ip-dst,117.157.17.194,
0,ip-dst,117.192.152.52,
0,ip-dst,117.192.156.76,
0,ip-dst,117.192.157.118,
0,ip-dst,117.192.21.140,
0,ip-dst,117.192.21.148,
0,ip-dst,117.192.21.184,
0,ip-dst,117.192.22.106,
0,ip-dst,117.192.22.73,
0,ip-dst,117.192.22.98,
0,ip-dst,117.192.232.110,
0,ip-dst,117.192.232.254,
0,ip-dst,117.192.232.94,
0,ip-dst,117.192.233.0,
0,ip-dst,117.192.233.106,
0,ip-dst,117.192.233.124,
0,ip-dst,117.192.233.15,
0,ip-dst,117.192.233.16,
0,ip-dst,117.192.233.164,
0,ip-dst,117.192.233.170,
0,ip-dst,117.192.233.193,
0,ip-dst,117.192.233.199,
0,ip-dst,117.192.233.21,
0,ip-dst,117.192.233.220,
0,ip-dst,117.192.233.36,
0,ip-dst,117.192.233.50,
0,ip-dst,117.192.233.86,
0,ip-dst,117.192.234.114,
0,ip-dst,117.192.234.119,
0,ip-dst,117.192.234.13,
0,ip-dst,117.192.234.170,
0,ip-dst,117.192.234.207,
0,ip-dst,117.192.234.250,
0,ip-dst,117.192.234.65,
0,ip-dst,117.192.234.73,
0,ip-dst,117.192.234.74,
0,ip-dst,117.192.234.87,
0,ip-dst,117.192.235.124,
0,ip-dst,117.192.235.182,
0,ip-dst,117.192.235.209,
0,ip-dst,117.192.235.212,
0,ip-dst,117.192.235.230,
0,ip-dst,117.192.235.237,
0,ip-dst,117.192.236.110,
0,ip-dst,117.192.236.140,
0,ip-dst,117.192.236.157,
0,ip-dst,117.192.236.234,
0,ip-dst,117.192.236.242,
0,ip-dst,117.192.237.153,
0,ip-dst,117.192.237.167,
0,ip-dst,117.192.237.198,
0,ip-dst,117.192.237.215,
0,ip-dst,117.192.237.42,
0,ip-dst,117.192.237.48,
0,ip-dst,117.192.238.130,
0,ip-dst,117.192.238.168,
0,ip-dst,117.192.238.19,
0,ip-dst,117.192.238.207,
0,ip-dst,117.192.238.210,
0,ip-dst,117.192.238.240,
0,ip-dst,117.192.238.26,
0,ip-dst,117.192.238.95,
0,ip-dst,117.192.239.156,
0,ip-dst,117.192.239.16,
0,ip-dst,117.192.239.173,
0,ip-dst,117.192.239.226,
0,ip-dst,117.192.239.23,
0,ip-dst,117.192.239.242,
0,ip-dst,117.192.239.43,
0,ip-dst,117.192.239.72,
0,ip-dst,117.192.239.84,
0,ip-dst,117.192.32.116,
0,ip-dst,117.192.32.13,
0,ip-dst,117.192.32.137,
0,ip-dst,117.192.32.138,
0,ip-dst,117.192.32.75,
0,ip-dst,117.192.32.84,
0,ip-dst,117.192.33.103,
0,ip-dst,117.192.33.106,
0,ip-dst,117.192.33.2,
0,ip-dst,117.192.33.57,
0,ip-dst,117.192.33.58,
0,ip-dst,117.192.33.59,
0,ip-dst,117.192.33.66,
0,ip-dst,117.192.33.71,
0,ip-dst,117.192.33.94,
0,ip-dst,117.192.34.129,
0,ip-dst,117.192.34.149,
0,ip-dst,117.192.34.169,
0,ip-dst,117.192.34.214,
0,ip-dst,117.192.34.59,
0,ip-dst,117.192.34.73,
0,ip-dst,117.192.35.107,
0,ip-dst,117.192.35.11,
0,ip-dst,117.192.35.166,
0,ip-dst,117.192.35.185,
0,ip-dst,117.192.35.231,
0,ip-dst,117.192.35.236,
0,ip-dst,117.192.35.239,
0,ip-dst,117.192.35.250,
0,ip-dst,117.192.35.9,
0,ip-dst,117.192.35.97,
0,ip-dst,117.192.36.114,
0,ip-dst,117.192.36.124,
0,ip-dst,117.192.36.142,
0,ip-dst,117.192.36.180,
0,ip-dst,117.192.36.33,
0,ip-dst,117.192.36.64,
0,ip-dst,117.192.37.233,
0,ip-dst,117.192.37.34,
0,ip-dst,117.192.37.42,
0,ip-dst,117.192.37.8,
0,ip-dst,117.192.38.28,
0,ip-dst,117.192.38.35,
0,ip-dst,117.192.38.68,
0,ip-dst,117.192.38.69,
0,ip-dst,117.192.39.210,
0,ip-dst,117.192.39.223,
0,ip-dst,117.192.47.112,
0,ip-dst,117.192.57.77,
0,ip-dst,117.193.105.19,
0,ip-dst,117.193.108.221,
0,ip-dst,117.193.112.92,
0,ip-dst,117.193.113.56,
0,ip-dst,117.193.128.253,
0,ip-dst,117.193.128.48,
0,ip-dst,117.193.129.110,
0,ip-dst,117.193.129.128,
0,ip-dst,117.193.129.141,
0,ip-dst,117.193.129.161,
0,ip-dst,117.193.129.58,
0,ip-dst,117.193.131.35,
0,ip-dst,117.193.132.153,
0,ip-dst,117.193.133.117,
0,ip-dst,117.193.134.135,
0,ip-dst,117.193.134.93,
0,ip-dst,117.193.136.143,
0,ip-dst,117.193.136.5,
0,ip-dst,117.193.136.84,
0,ip-dst,117.193.136.92,
0,ip-dst,117.193.137.131,
0,ip-dst,117.193.137.233,
0,ip-dst,117.193.137.41,
0,ip-dst,117.193.138.13,
0,ip-dst,117.193.138.19,
0,ip-dst,117.193.138.191,
0,ip-dst,117.193.138.42,
0,ip-dst,117.193.139.226,
0,ip-dst,117.193.139.242,
0,ip-dst,117.193.140.181,
0,ip-dst,117.193.141.105,
0,ip-dst,117.193.142.123,
0,ip-dst,117.193.142.205,
0,ip-dst,117.193.142.211,
0,ip-dst,117.193.143.161,
0,ip-dst,117.193.143.24,
0,ip-dst,117.193.144.164,
0,ip-dst,117.193.144.23,
0,ip-dst,117.193.145.94,
0,ip-dst,117.193.146.123,
0,ip-dst,117.193.146.144,
0,ip-dst,117.193.147.127,
0,ip-dst,117.193.147.33,
0,ip-dst,117.193.147.5,
0,ip-dst,117.193.148.244,
0,ip-dst,117.193.148.25,
0,ip-dst,117.193.149.161,
0,ip-dst,117.193.149.96,
0,ip-dst,117.193.150.183,
0,ip-dst,117.193.151.127,
0,ip-dst,117.193.151.201,
0,ip-dst,117.193.151.26,
0,ip-dst,117.193.152.161,
0,ip-dst,117.193.152.166,
0,ip-dst,117.193.152.194,
0,ip-dst,117.193.152.245,
0,ip-dst,117.193.152.94,
0,ip-dst,117.193.153.233,
0,ip-dst,117.193.154.121,
0,ip-dst,117.193.154.26,
0,ip-dst,117.193.155.10,
0,ip-dst,117.193.155.119,
0,ip-dst,117.193.155.39,
0,ip-dst,117.193.156.220,
0,ip-dst,117.193.156.50,
0,ip-dst,117.193.156.72,
0,ip-dst,117.193.157.3,
0,ip-dst,117.193.158.18,
0,ip-dst,117.193.158.186,
0,ip-dst,117.193.158.191,
0,ip-dst,117.193.158.252,
0,ip-dst,117.193.159.127,
0,ip-dst,117.193.159.152,
0,ip-dst,117.193.159.188,
0,ip-dst,117.193.159.69,
0,ip-dst,117.193.159.89,
0,ip-dst,117.193.168.117,
0,ip-dst,117.193.168.162,
0,ip-dst,117.193.168.196,
0,ip-dst,117.193.168.210,
0,ip-dst,117.193.168.217,
0,ip-dst,117.193.168.228,
0,ip-dst,117.193.168.234,
0,ip-dst,117.193.168.54,
0,ip-dst,117.193.168.77,
0,ip-dst,117.193.169.156,
0,ip-dst,117.193.169.167,
0,ip-dst,117.193.169.175,
0,ip-dst,117.193.169.246,
0,ip-dst,117.193.170.55,
0,ip-dst,117.193.170.82,
0,ip-dst,117.193.171.166,
0,ip-dst,117.193.172.13,
0,ip-dst,117.193.172.167,
0,ip-dst,117.193.172.240,
0,ip-dst,117.193.172.48,
0,ip-dst,117.193.172.82,
0,ip-dst,117.193.173.115,
0,ip-dst,117.193.173.127,
0,ip-dst,117.193.173.142,
0,ip-dst,117.193.173.177,
0,ip-dst,117.193.173.228,
0,ip-dst,117.193.173.3,
0,ip-dst,117.193.173.34,
0,ip-dst,117.193.173.62,
0,ip-dst,117.193.173.72,
0,ip-dst,117.193.174.161,
0,ip-dst,117.193.174.171,
0,ip-dst,117.193.174.212,
0,ip-dst,117.193.174.89,
0,ip-dst,117.193.175.117,
0,ip-dst,117.193.175.184,
0,ip-dst,117.193.175.84,
0,ip-dst,117.193.209.243,
0,ip-dst,117.193.253.171,
0,ip-dst,117.193.36.107,
0,ip-dst,117.193.36.27,
0,ip-dst,117.193.40.164,
0,ip-dst,117.193.40.203,
0,ip-dst,117.193.44.176,
0,ip-dst,117.193.88.63,
0,ip-dst,117.193.91.203,
0,ip-dst,117.193.92.39,
0,ip-dst,117.194.114.207,
0,ip-dst,117.194.116.90,
0,ip-dst,117.194.119.82,
0,ip-dst,117.194.121.4,
0,ip-dst,117.194.123.78,
0,ip-dst,117.194.124.2,
0,ip-dst,117.194.125.77,
0,ip-dst,117.194.16.44,
0,ip-dst,117.194.17.104,
0,ip-dst,117.194.17.174,
0,ip-dst,117.194.18.143,
0,ip-dst,117.194.18.37,
0,ip-dst,117.194.18.41,
0,ip-dst,117.194.18.58,
0,ip-dst,117.194.19.156,
0,ip-dst,117.194.19.205,
0,ip-dst,117.194.19.236,
0,ip-dst,117.194.21.99,
0,ip-dst,117.194.24.21,
0,ip-dst,117.194.24.29,
0,ip-dst,117.194.24.46,
0,ip-dst,117.194.24.66,
0,ip-dst,117.194.242.112,
0,ip-dst,117.194.245.175,
0,ip-dst,117.194.245.179,
0,ip-dst,117.194.246.153,
0,ip-dst,117.194.246.192,
0,ip-dst,117.194.249.191,
0,ip-dst,117.194.25.89,
0,ip-dst,117.194.252.225,
0,ip-dst,117.194.26.221,
0,ip-dst,117.194.27.202,
0,ip-dst,117.194.28.132,
0,ip-dst,117.194.28.169,
0,ip-dst,117.194.29.122,
0,ip-dst,117.194.30.115,
0,ip-dst,117.194.30.225,
0,ip-dst,117.194.30.48,
0,ip-dst,117.194.31.100,
0,ip-dst,117.194.31.61,
0,ip-dst,117.195.100.18,
0,ip-dst,117.195.101.160,
0,ip-dst,117.195.102.192,
0,ip-dst,117.195.102.53,
0,ip-dst,117.195.104.107,
0,ip-dst,117.195.105.116,
0,ip-dst,117.195.105.175,
0,ip-dst,117.195.105.92,
0,ip-dst,117.195.106.137,
0,ip-dst,117.195.106.212,
0,ip-dst,117.195.106.62,
0,ip-dst,117.195.106.67,
0,ip-dst,117.195.108.237,
0,ip-dst,117.195.108.249,
0,ip-dst,117.195.109.189,
0,ip-dst,117.195.109.191,
0,ip-dst,117.195.110.145,
0,ip-dst,117.195.111.23,
0,ip-dst,117.195.111.25,
0,ip-dst,117.195.112.173,
0,ip-dst,117.195.112.202,
0,ip-dst,117.195.113.207,
0,ip-dst,117.195.114.249,
0,ip-dst,117.195.115.133,
0,ip-dst,117.195.117.151,
0,ip-dst,117.195.117.232,
0,ip-dst,117.195.117.95,
0,ip-dst,117.195.119.155,
0,ip-dst,117.195.119.49,
0,ip-dst,117.195.119.88,
0,ip-dst,117.195.120.2,
0,ip-dst,117.195.120.244,
0,ip-dst,117.195.121.32,
0,ip-dst,117.195.123.108,
0,ip-dst,117.195.123.109,
0,ip-dst,117.195.123.198,
0,ip-dst,117.195.123.37,
0,ip-dst,117.195.123.42,
0,ip-dst,117.195.124.14,
0,ip-dst,117.195.124.224,
0,ip-dst,117.195.124.37,
0,ip-dst,117.195.127.220,
0,ip-dst,117.195.147.33,
0,ip-dst,117.195.157.255,
0,ip-dst,117.195.157.27,
0,ip-dst,117.195.96.240,
0,ip-dst,117.195.96.35,
0,ip-dst,117.195.97.152,
0,ip-dst,117.195.98.243,
0,ip-dst,117.195.99.99,
0,ip-dst,117.196.128.186,
0,ip-dst,117.196.128.223,
0,ip-dst,117.196.128.59,
0,ip-dst,117.196.128.81,
0,ip-dst,117.196.128.97,
0,ip-dst,117.196.129.194,
0,ip-dst,117.196.129.241,
0,ip-dst,117.196.129.247,
0,ip-dst,117.196.129.70,
0,ip-dst,117.196.130.112,
0,ip-dst,117.196.130.119,
0,ip-dst,117.196.130.132,
0,ip-dst,117.196.130.142,
0,ip-dst,117.196.130.150,
0,ip-dst,117.196.130.44,
0,ip-dst,117.196.131.121,
0,ip-dst,117.196.131.16,
0,ip-dst,117.196.131.165,
0,ip-dst,117.196.131.175,
0,ip-dst,117.196.131.209,
0,ip-dst,117.196.131.23,
0,ip-dst,117.196.131.6,
0,ip-dst,117.196.132.1,
0,ip-dst,117.196.132.11,
0,ip-dst,117.196.132.25,
0,ip-dst,117.196.132.46,
0,ip-dst,117.196.132.72,
0,ip-dst,117.196.133.126,
0,ip-dst,117.196.133.167,
0,ip-dst,117.196.133.185,
0,ip-dst,117.196.133.200,
0,ip-dst,117.196.133.54,
0,ip-dst,117.196.134.125,
0,ip-dst,117.196.134.127,
0,ip-dst,117.196.134.225,
0,ip-dst,117.196.134.252,
0,ip-dst,117.196.134.41,
0,ip-dst,117.196.134.59,
0,ip-dst,117.196.135.148,
0,ip-dst,117.196.135.214,
0,ip-dst,117.196.135.222,
0,ip-dst,117.196.135.246,
0,ip-dst,117.196.135.63,
0,ip-dst,117.196.135.80,
0,ip-dst,117.196.136.132,
0,ip-dst,117.196.136.192,
0,ip-dst,117.196.136.201,
0,ip-dst,117.196.136.211,
0,ip-dst,117.196.136.77,
0,ip-dst,117.196.137.11,
0,ip-dst,117.196.137.132,
0,ip-dst,117.196.137.201,
0,ip-dst,117.196.137.247,
0,ip-dst,117.196.138.119,
0,ip-dst,117.196.138.125,
0,ip-dst,117.196.138.160,
0,ip-dst,117.196.138.220,
0,ip-dst,117.196.138.35,
0,ip-dst,117.196.138.4,
0,ip-dst,117.196.138.94,
0,ip-dst,117.196.139.10,
0,ip-dst,117.196.139.123,
0,ip-dst,117.196.139.149,
0,ip-dst,117.196.139.165,
0,ip-dst,117.196.139.228,
0,ip-dst,117.196.139.42,
0,ip-dst,117.196.139.94,
0,ip-dst,117.196.140.211,
0,ip-dst,117.196.140.251,
0,ip-dst,117.196.140.51,
0,ip-dst,117.196.140.83,
0,ip-dst,117.196.141.17,
0,ip-dst,117.196.141.22,
0,ip-dst,117.196.141.245,
0,ip-dst,117.196.141.57,
0,ip-dst,117.196.141.74,
0,ip-dst,117.196.142.11,
0,ip-dst,117.196.142.110,
0,ip-dst,117.196.142.120,
0,ip-dst,117.196.142.160,
0,ip-dst,117.196.142.175,
0,ip-dst,117.196.142.211,
0,ip-dst,117.196.142.22,
0,ip-dst,117.196.142.32,
0,ip-dst,117.196.142.70,
0,ip-dst,117.196.142.8,
0,ip-dst,117.196.143.122,
0,ip-dst,117.196.143.171,
0,ip-dst,117.196.143.180,
0,ip-dst,117.196.143.193,
0,ip-dst,117.196.143.201,
0,ip-dst,117.196.143.224,
0,ip-dst,117.196.143.229,
0,ip-dst,117.196.143.42,
0,ip-dst,117.196.143.91,
0,ip-dst,117.196.160.100,
0,ip-dst,117.196.160.114,
0,ip-dst,117.196.160.135,
0,ip-dst,117.196.160.148,
0,ip-dst,117.196.160.153,
0,ip-dst,117.196.160.155,
0,ip-dst,117.196.160.162,
0,ip-dst,117.196.160.164,
0,ip-dst,117.196.160.178,
0,ip-dst,117.196.160.181,
0,ip-dst,117.196.160.230,
0,ip-dst,117.196.160.231,
0,ip-dst,117.196.160.243,
0,ip-dst,117.196.160.40,
0,ip-dst,117.196.160.47,
0,ip-dst,117.196.160.91,
0,ip-dst,117.196.161.109,
0,ip-dst,117.196.161.113,
0,ip-dst,117.196.161.12,
0,ip-dst,117.196.161.143,
0,ip-dst,117.196.161.145,
0,ip-dst,117.196.161.159,
0,ip-dst,117.196.161.191,
0,ip-dst,117.196.161.211,
0,ip-dst,117.196.161.242,
0,ip-dst,117.196.161.248,
0,ip-dst,117.196.161.34,
0,ip-dst,117.196.161.53,
0,ip-dst,117.196.161.79,
0,ip-dst,117.196.161.84,
0,ip-dst,117.196.161.88,
0,ip-dst,117.196.161.96,
0,ip-dst,117.196.162.117,
0,ip-dst,117.196.162.119,
0,ip-dst,117.196.162.135,
0,ip-dst,117.196.162.141,
0,ip-dst,117.196.162.178,
0,ip-dst,117.196.162.183,
0,ip-dst,117.196.162.25,
0,ip-dst,117.196.162.250,
0,ip-dst,117.196.162.253,
0,ip-dst,117.196.162.26,
0,ip-dst,117.196.162.50,
0,ip-dst,117.196.163.154,
0,ip-dst,117.196.163.189,
0,ip-dst,117.196.163.212,
0,ip-dst,117.196.163.57,
0,ip-dst,117.196.163.61,
0,ip-dst,117.196.163.71,
0,ip-dst,117.196.164.105,
0,ip-dst,117.196.164.114,
0,ip-dst,117.196.164.123,
0,ip-dst,117.196.164.130,
0,ip-dst,117.196.164.156,
0,ip-dst,117.196.164.207,
0,ip-dst,117.196.164.222,
0,ip-dst,117.196.164.242,
0,ip-dst,117.196.164.62,
0,ip-dst,117.196.164.78,
0,ip-dst,117.196.165.112,
0,ip-dst,117.196.165.127,
0,ip-dst,117.196.165.129,
0,ip-dst,117.196.165.135,
0,ip-dst,117.196.165.145,
0,ip-dst,117.196.165.160,
0,ip-dst,117.196.165.190,
0,ip-dst,117.196.165.192,
0,ip-dst,117.196.165.2,
0,ip-dst,117.196.165.244,
0,ip-dst,117.196.165.30,
0,ip-dst,117.196.165.37,
0,ip-dst,117.196.165.59,
0,ip-dst,117.196.165.6,
0,ip-dst,117.196.166.125,
0,ip-dst,117.196.166.145,
0,ip-dst,117.196.166.150,
0,ip-dst,117.196.166.202,
0,ip-dst,117.196.166.212,
0,ip-dst,117.196.166.219,
0,ip-dst,117.196.166.234,
0,ip-dst,117.196.166.235,
0,ip-dst,117.196.166.246,
0,ip-dst,117.196.166.248,
0,ip-dst,117.196.166.40,
0,ip-dst,117.196.166.93,
0,ip-dst,117.196.167.109,
0,ip-dst,117.196.167.111,
0,ip-dst,117.196.167.121,
0,ip-dst,117.196.167.129,
0,ip-dst,117.196.167.14,
0,ip-dst,117.196.167.208,
0,ip-dst,117.196.167.209,
0,ip-dst,117.196.167.21,
0,ip-dst,117.196.167.27,
0,ip-dst,117.196.167.51,
0,ip-dst,117.196.167.61,
0,ip-dst,117.196.167.68,
0,ip-dst,117.196.167.72,
0,ip-dst,117.196.167.76,
0,ip-dst,117.196.167.81,
0,ip-dst,117.196.167.95,
0,ip-dst,117.196.168.120,
0,ip-dst,117.196.168.124,
0,ip-dst,117.196.168.15,
0,ip-dst,117.196.168.163,
0,ip-dst,117.196.168.168,
0,ip-dst,117.196.168.17,
0,ip-dst,117.196.168.188,
0,ip-dst,117.196.168.212,
0,ip-dst,117.196.168.219,
0,ip-dst,117.196.168.222,
0,ip-dst,117.196.168.236,
0,ip-dst,117.196.168.237,
0,ip-dst,117.196.168.32,
0,ip-dst,117.196.168.35,
0,ip-dst,117.196.168.87,
0,ip-dst,117.196.168.98,
0,ip-dst,117.196.169.100,
0,ip-dst,117.196.169.110,
0,ip-dst,117.196.169.125,
0,ip-dst,117.196.169.132,
0,ip-dst,117.196.169.191,
0,ip-dst,117.196.169.212,
0,ip-dst,117.196.169.236,
0,ip-dst,117.196.169.24,
0,ip-dst,117.196.169.3,
0,ip-dst,117.196.169.41,
0,ip-dst,117.196.169.74,
0,ip-dst,117.196.169.94,
0,ip-dst,117.196.170.100,
0,ip-dst,117.196.170.104,
0,ip-dst,117.196.170.124,
0,ip-dst,117.196.170.142,
0,ip-dst,117.196.170.155,
0,ip-dst,117.196.170.162,
0,ip-dst,117.196.170.165,
0,ip-dst,117.196.170.175,
0,ip-dst,117.196.170.195,
0,ip-dst,117.196.170.198,
0,ip-dst,117.196.170.227,
0,ip-dst,117.196.170.242,
0,ip-dst,117.196.170.251,
0,ip-dst,117.196.170.29,
0,ip-dst,117.196.170.32,
0,ip-dst,117.196.170.51,
0,ip-dst,117.196.170.83,
0,ip-dst,117.196.171.105,
0,ip-dst,117.196.171.12,
0,ip-dst,117.196.171.188,
0,ip-dst,117.196.171.2,
0,ip-dst,117.196.171.200,
0,ip-dst,117.196.171.21,
0,ip-dst,117.196.171.27,
0,ip-dst,117.196.171.64,
0,ip-dst,117.196.172.158,
0,ip-dst,117.196.172.16,
0,ip-dst,117.196.172.226,
0,ip-dst,117.196.172.78,
0,ip-dst,117.196.172.91,
0,ip-dst,117.196.173.103,
0,ip-dst,117.196.173.135,
0,ip-dst,117.196.173.16,
0,ip-dst,117.196.173.161,
0,ip-dst,117.196.173.163,
0,ip-dst,117.196.173.22,
0,ip-dst,117.196.173.227,
0,ip-dst,117.196.173.230,
0,ip-dst,117.196.173.43,
0,ip-dst,117.196.173.47,
0,ip-dst,117.196.173.59,
0,ip-dst,117.196.173.88,
0,ip-dst,117.196.173.96,
0,ip-dst,117.196.174.108,
0,ip-dst,117.196.174.141,
0,ip-dst,117.196.174.162,
0,ip-dst,117.196.174.164,
0,ip-dst,117.196.174.168,
0,ip-dst,117.196.174.182,
0,ip-dst,117.196.174.213,
0,ip-dst,117.196.174.24,
0,ip-dst,117.196.174.244,
0,ip-dst,117.196.174.58,
0,ip-dst,117.196.174.63,
0,ip-dst,117.196.174.9,
0,ip-dst,117.196.175.10,
